hanzairitu,teijyu_chiiki,syogyo_wariai,kawa_dummy,taiki_osen,heyazu,furuya_wariai,eki_toho_min,kousoku_akusesu,koteishizan_zei,gakkyu_ninzu,ryokuchi_wariai,teishotoku_wariai,bukken_kakaku_manen
0.00632,18.0,2.31,0,0.538,6.575,65.2,10.2,1,296,15.3,99.2,4.98,3600
0.02731,0.0,7.07,0,0.469,6.421,78.9,12.4,2,242,17.8,99.2,9.14,3240
0.02729,0.0,7.07,0,0.469,7.185,61.1,12.4,2,242,17.8,98.2,4.03,5205
0.03237,0.0,2.18,0,0.458,6.998,45.8,15.2,3,222,18.7,98.7,2.94,5010
0.06905,0.0,2.18,0,0.458,7.147,54.2,15.2,3,222,18.7,99.2,5.33,5430
0.02985,0.0,2.18,0,0.458,6.43,58.7,15.2,3,222,18.7,98.5,5.21,4305
0.08829,12.5,7.87,0,0.524,6.012,66.6,13.9,5,311,15.2,98.9,12.43,3435
0.14455,12.5,7.87,0,0.524,6.172,96.1,14.9,5,311,15.2,99.2,19.15,4065
0.21124,12.5,7.87,0,0.524,5.631,100.0,15.2,5,311,15.2,96.7,29.93,2475
0.17004,12.5,7.87,0,0.524,6.004,85.9,16.5,5,311,15.2,96.7,17.1,2835
0.22489,12.5,7.87,0,0.524,6.377,94.3,15.9,5,311,15.2,98.1,20.45,2250
0.11747,12.5,7.87,0,0.524,6.009,82.9,15.6,5,311,15.2,99.2,13.27,2835
0.09378,12.5,7.87,0,0.524,5.889,39.0,13.6,5,311,15.2,97.6,15.71,3255
0.62976,0.0,8.14,0,0.538,5.949,61.8,11.8,4,307,21.0,99.2,8.26,3060
0.63796,0.0,8.14,0,0.538,6.096,84.5,11.2,4,307,21.0,95.0,10.26,2730
0.62739,0.0,8.14,0,0.538,5.834,56.5,11.2,4,307,21.0,98.9,8.47,2985
1.05393,0.0,8.14,0,0.538,5.935,29.3,11.2,4,307,21.0,96.7,6.58,3465
0.7842,0.0,8.14,0,0.538,5.99,81.7,10.6,4,307,21.0,96.7,14.67,2625
0.80271,0.0,8.14,0,0.538,5.456,36.6,9.5,4,307,21.0,72.2,11.69,3030
0.7258,0.0,8.14,0,0.538,5.727,69.5,9.5,4,307,21.0,97.7,11.28,2730
1.25179,0.0,8.14,0,0.538,5.57,98.1,9.5,4,307,21.0,94.1,21.02,2040
0.85204,0.0,8.14,0,0.538,5.965,89.2,10.0,4,307,21.0,98.1,13.83,2940
1.23247,0.0,8.14,0,0.538,6.142,91.7,9.9,4,307,21.0,99.2,18.72,2280
0.98843,0.0,8.14,0,0.538,5.813,100.0,10.2,4,307,21.0,98.6,19.88,2175
0.75026,0.0,8.14,0,0.538,5.924,94.1,11.0,4,307,21.0,98.6,16.3,2340
0.84054,0.0,8.14,0,0.538,5.599,85.7,11.1,4,307,21.0,75.9,16.51,2085
0.67191,0.0,8.14,0,0.538,5.813,90.3,11.7,4,307,21.0,94.2,14.81,2490
0.95577,0.0,8.14,0,0.538,6.047,88.8,11.1,4,307,21.0,76.6,17.28,2220
0.77299,0.0,8.14,0,0.538,6.495,94.4,11.1,4,307,21.0,97.0,12.8,2760
1.00245,0.0,8.14,0,0.538,6.674,87.3,10.6,4,307,21.0,95.1,11.98,3150
1.13081,0.0,8.14,0,0.538,5.713,94.1,10.6,4,307,21.0,90.0,22.6,1905
1.35472,0.0,8.14,0,0.538,6.072,100.0,10.4,4,307,21.0,94.2,13.04,2175
1.38799,0.0,8.14,0,0.538,5.95,82.0,10.0,4,307,21.0,58.2,27.71,1980
1.15172,0.0,8.14,0,0.538,5.701,95.0,9.5,4,307,21.0,89.7,18.35,1965
1.61282,0.0,8.14,0,0.538,6.096,96.9,9.4,4,307,21.0,62.1,20.34,2025
0.06417,0.0,5.96,0,0.499,5.933,68.2,8.4,5,279,19.2,99.2,9.68,2835
0.09744,0.0,5.96,0,0.499,5.841,61.4,8.4,5,279,19.2,94.4,11.41,3000
0.08014,0.0,5.96,0,0.499,5.85,41.5,9.8,5,279,19.2,99.2,8.77,3150
0.17505,0.0,5.96,0,0.499,5.966,30.2,9.6,5,279,19.2,98.4,10.13,3705
0.02763,75.0,2.95,0,0.428,6.595,21.8,13.5,3,252,18.3,98.9,4.32,4620
0.03359,75.0,2.95,0,0.428,7.024,15.8,13.5,3,252,18.3,98.9,1.98,5235
0.12744,0.0,6.91,0,0.448,6.77,2.9,14.3,3,233,17.9,96.4,4.84,3990
0.1415,0.0,6.91,0,0.448,6.169,6.6,14.3,3,233,17.9,95.8,5.81,3795
0.15936,0.0,6.91,0,0.448,6.211,6.5,14.3,3,233,17.9,98.6,7.44,3705
0.12269,0.0,6.91,0,0.448,6.069,40.0,14.3,3,233,17.9,97.3,9.55,3180
0.17142,0.0,6.91,0,0.448,5.682,33.8,12.8,3,233,17.9,99.2,10.21,2895
0.18836,0.0,6.91,0,0.448,5.786,33.3,12.8,3,233,17.9,99.2,14.15,3000
0.22927,0.0,6.91,0,0.448,6.03,85.5,14.2,3,233,17.9,98.2,18.8,2490
0.25387,0.0,6.91,0,0.448,5.399,95.3,14.7,3,233,17.9,99.2,30.81,2160
0.21977,0.0,6.91,0,0.448,5.602,62.0,15.2,3,233,17.9,99.2,16.2,2910
0.08873,21.0,5.64,0,0.439,5.963,45.7,17.0,4,243,16.8,98.9,13.45,2955
0.04337,21.0,5.64,0,0.439,6.115,63.0,17.0,4,243,16.8,98.5,9.43,3075
0.0536,21.0,5.64,0,0.439,6.511,21.1,17.0,4,243,16.8,99.2,5.28,3750
0.04981,21.0,5.64,0,0.439,5.998,21.4,17.0,4,243,16.8,99.2,8.43,3510
0.0136,75.0,4.0,0,0.41,5.888,47.6,18.3,3,469,21.1,99.2,14.8,2835
0.01311,90.0,1.22,0,0.403,7.249,21.9,21.7,5,226,17.9,99.0,4.81,5310
0.02055,85.0,0.74,0,0.41,6.383,35.7,23.0,2,313,17.3,99.2,5.77,3705
0.01432,100.0,1.32,0,0.411,6.816,40.5,20.8,5,256,15.1,98.2,3.95,4740
0.15445,25.0,5.13,0,0.453,6.145,29.2,19.5,8,284,19.7,97.7,6.86,3495
0.10328,25.0,5.13,0,0.453,5.927,47.2,17.3,8,284,19.7,99.2,9.22,2940
0.14932,25.0,5.13,0,0.453,5.741,66.2,18.1,8,284,19.7,98.8,13.15,2805
0.17171,25.0,5.13,0,0.453,5.966,93.4,17.0,8,284,19.7,94.5,14.44,2400
0.11027,25.0,5.13,0,0.453,6.456,67.8,18.1,8,284,19.7,99.2,6.73,3330
0.1265,25.0,5.13,0,0.453,6.762,43.4,20.0,8,284,19.7,98.9,9.5,3750
0.01951,17.5,1.38,0,0.4161,7.104,59.5,23.1,3,216,18.6,98.3,8.05,4950
0.03584,80.0,3.37,0,0.398,6.29,17.8,16.5,4,337,16.1,99.2,4.67,3525
0.04379,80.0,3.37,0,0.398,5.787,31.1,16.5,4,337,16.1,99.2,10.24,2910
0.05789,12.5,6.07,0,0.409,5.878,21.4,16.2,4,345,18.9,99.1,8.1,3300
0.13554,12.5,6.07,0,0.409,5.594,36.8,16.2,4,345,18.9,99.2,13.09,2610
0.12816,12.5,6.07,0,0.409,5.885,33.0,16.2,4,345,18.9,99.2,8.79,3135
0.08826,0.0,10.81,0,0.413,6.417,6.6,13.2,4,305,19.2,95.9,6.72,3630
0.15876,0.0,10.81,0,0.413,5.961,17.5,13.2,4,305,19.2,94.2,9.88,3255
0.09164,0.0,10.81,0,0.413,6.065,7.8,13.2,4,305,19.2,97.7,5.52,3420
0.19539,0.0,10.81,0,0.413,6.245,6.2,13.2,4,305,19.2,94.3,7.54,3510
0.07896,0.0,12.83,0,0.437,6.273,6.0,10.6,5,398,18.7,98.7,6.78,3615
0.09512,0.0,12.83,0,0.437,6.286,45.0,11.3,5,398,18.7,95.8,8.94,3210
0.10153,0.0,12.83,0,0.437,6.279,74.5,10.1,5,398,18.7,93.4,11.97,3000
0.08707,0.0,12.83,0,0.437,6.14,45.8,10.2,5,398,18.7,96.7,10.27,3120
0.05646,0.0,12.83,0,0.437,6.232,53.7,12.5,5,398,18.7,96.6,12.34,3180
0.08387,0.0,12.83,0,0.437,5.874,36.6,11.3,5,398,18.7,99.0,9.1,3045
0.04113,25.0,4.86,0,0.426,6.727,33.5,13.5,4,281,19.0,99.2,5.29,4200
0.04462,25.0,4.86,0,0.426,6.619,70.4,13.5,4,281,19.0,98.9,7.22,3585
0.03659,25.0,4.86,0,0.426,6.302,32.2,13.5,4,281,19.0,99.2,6.72,3720
0.03551,25.0,4.86,0,0.426,6.167,46.7,13.5,4,281,19.0,97.7,7.51,3435
0.05059,0.0,4.49,0,0.449,6.389,48.0,11.9,3,247,18.5,99.2,9.62,3585
0.05735,0.0,4.49,0,0.449,6.63,56.1,11.1,3,247,18.5,98.1,6.53,3990
0.05188,0.0,4.49,0,0.449,6.015,45.1,11.1,3,247,18.5,99.0,12.86,3375
0.07151,0.0,4.49,0,0.449,6.121,56.8,9.4,3,247,18.5,98.8,8.44,3330
0.0566,0.0,3.41,0,0.489,7.007,86.3,8.6,2,270,17.8,99.2,5.5,3540
0.05302,0.0,3.41,0,0.489,7.079,63.1,8.5,2,270,17.8,99.0,5.7,4305
0.04684,0.0,3.41,0,0.489,6.417,66.1,7.7,2,270,17.8,98.0,8.81,3390
0.03932,0.0,3.41,0,0.489,6.405,73.9,7.7,2,270,17.8,98.4,8.2,3300
0.04203,28.0,15.04,0,0.464,6.442,53.6,9.2,4,270,18.2,98.8,8.16,3435
0.02875,28.0,15.04,0,0.464,6.211,28.9,9.2,4,270,18.2,99.1,6.21,3750
0.04294,28.0,15.04,0,0.464,6.249,77.3,9.0,4,270,18.2,99.2,10.59,3090
0.12204,0.0,2.89,0,0.445,6.625,57.8,8.7,2,276,18.0,89.5,6.65,4260
0.11504,0.0,2.89,0,0.445,6.163,69.6,8.7,2,276,18.0,98.0,11.34,3210
0.12083,0.0,2.89,0,0.445,8.069,76.0,8.7,2,276,18.0,99.2,4.21,5805
0.08187,0.0,2.89,0,0.445,7.82,36.9,8.7,2,276,18.0,98.4,3.57,6570
0.0686,0.0,2.89,0,0.445,7.416,62.5,8.7,2,276,18.0,99.2,6.19,4980
0.14866,0.0,8.56,0,0.52,6.727,79.9,6.9,5,384,20.9,98.7,9.42,4125
0.11432,0.0,8.56,0,0.52,6.781,71.3,7.1,5,384,20.9,98.9,7.67,3975
0.22876,0.0,8.56,0,0.52,6.405,85.4,6.8,5,384,20.9,17.7,10.63,2790
0.21161,0.0,8.56,0,0.52,6.137,87.4,6.8,5,384,20.9,98.6,13.44,2895
0.1396,0.0,8.56,0,0.52,6.167,90.0,6.1,5,384,20.9,98.2,12.33,3015
0.13262,0.0,8.56,0,0.52,5.851,96.7,5.3,5,384,20.9,98.5,16.47,2925
0.1712,0.0,8.56,0,0.52,5.836,91.9,5.5,5,384,20.9,98.9,18.66,2925
0.13117,0.0,8.56,0,0.52,6.127,85.2,5.3,5,384,20.9,96.9,14.09,3060
0.12802,0.0,8.56,0,0.52,6.474,97.1,6.1,5,384,20.9,98.8,12.27,2970
0.26363,0.0,8.56,0,0.52,6.229,91.2,6.4,5,384,20.9,97.8,15.55,2910
0.10793,0.0,8.56,0,0.52,6.195,54.4,6.9,5,384,20.9,98.4,13.0,3255
0.10084,0.0,10.01,0,0.547,6.715,81.6,6.7,6,432,17.8,98.9,10.16,3420
0.12329,0.0,10.01,0,0.547,5.913,92.9,5.9,6,432,17.8,98.7,16.21,2820
0.22212,0.0,10.01,0,0.547,6.092,95.4,6.4,6,432,17.8,99.2,17.09,2805
0.14231,0.0,10.01,0,0.547,6.254,84.2,5.6,6,432,17.8,97.2,10.45,2775
0.17134,0.0,10.01,0,0.547,5.928,88.2,6.2,6,432,17.8,86.2,15.76,2745
0.13158,0.0,10.01,0,0.547,6.176,72.5,6.8,6,432,17.8,98.3,12.04,3180
0.15098,0.0,10.01,0,0.547,6.021,82.6,6.9,6,432,17.8,98.6,10.3,2880
0.13058,0.0,10.01,0,0.547,5.872,73.1,6.2,6,432,17.8,84.7,15.37,3060
0.14476,0.0,10.01,0,0.547,5.731,65.2,6.9,6,432,17.8,97.9,13.61,2895
0.06899,0.0,25.65,0,0.581,5.87,69.7,5.6,2,188,19.1,97.3,14.37,3300
0.07165,0.0,25.65,0,0.581,6.004,84.1,5.5,2,188,19.1,94.4,14.27,3045
0.09299,0.0,25.65,0,0.581,5.961,92.9,5.2,2,188,19.1,94.5,17.93,3075
0.15038,0.0,25.65,0,0.581,5.856,97.0,4.9,2,188,19.1,92.6,25.41,2595
0.09849,0.0,25.65,0,0.581,5.879,95.8,5.0,2,188,19.1,94.8,17.58,2820
0.16902,0.0,25.65,0,0.581,5.986,88.4,5.0,2,188,19.1,96.3,14.81,3210
0.38735,0.0,25.65,0,0.581,5.613,95.6,4.4,2,188,19.1,89.8,27.26,2355
0.25915,0.0,21.89,0,0.624,5.693,96.0,4.5,4,437,21.2,98.0,17.19,2430
0.32543,0.0,21.89,0,0.624,6.431,98.8,4.5,4,437,21.2,99.2,15.39,2700
0.88125,0.0,21.89,0,0.624,5.637,94.7,4.9,4,437,21.2,99.2,18.34,2145
0.34006,0.0,21.89,0,0.624,6.458,98.9,5.3,4,437,21.2,98.8,12.6,2880
1.19294,0.0,21.89,0,0.624,6.326,97.7,5.7,4,437,21.2,99.2,12.26,2940
0.59005,0.0,21.89,0,0.624,6.372,97.9,5.8,4,437,21.2,96.4,11.12,3450
0.32982,0.0,21.89,0,0.624,5.822,95.4,6.2,4,437,21.2,97.2,15.03,2760
0.97617,0.0,21.89,0,0.624,5.757,98.4,5.9,4,437,21.2,65.7,17.31,2340
0.55778,0.0,21.89,0,0.624,6.335,98.2,5.3,4,437,21.2,98.7,16.96,2715
0.32264,0.0,21.89,0,0.624,5.942,93.5,4.9,4,437,21.2,94.6,16.9,2610
0.35233,0.0,21.89,0,0.624,6.454,98.4,4.6,4,437,21.2,98.5,14.59,2565
0.2498,0.0,21.89,0,0.624,5.857,98.2,4.2,4,437,21.2,98.0,21.32,1995
0.54452,0.0,21.89,0,0.624,6.151,97.9,4.2,4,437,21.2,99.2,18.46,2670
0.2909,0.0,21.89,0,0.624,6.174,93.6,4.0,4,437,21.2,97.0,24.16,2100
1.62864,0.0,21.89,0,0.624,5.019,100.0,3.6,4,437,21.2,99.2,34.41,2160
3.32105,0.0,19.58,1,0.871,5.403,100.0,3.3,5,403,14.7,99.2,26.82,2010
4.0974,0.0,19.58,0,0.871,5.468,100.0,3.5,5,403,14.7,99.2,26.42,2340
2.77974,0.0,19.58,0,0.871,4.903,97.8,3.4,5,403,14.7,99.2,29.29,1770
2.37934,0.0,19.58,0,0.871,6.13,100.0,3.5,5,403,14.7,43.2,27.8,2070
2.15505,0.0,19.58,0,0.871,5.628,100.0,3.8,5,403,14.7,42.3,16.65,2340
2.36862,0.0,19.58,0,0.871,4.926,95.7,3.7,5,403,14.7,97.9,29.53,2190
2.33099,0.0,19.58,0,0.871,5.186,93.8,3.8,5,403,14.7,89.2,28.32,2670
2.73397,0.0,19.58,0,0.871,5.597,94.9,3.8,5,403,14.7,88.0,21.45,2310
1.6566,0.0,19.58,0,0.871,6.122,97.3,4.0,5,403,14.7,93.2,14.1,3225
1.49632,0.0,19.58,0,0.871,5.404,100.0,4.0,5,403,14.7,85.4,13.28,2940
1.12658,0.0,19.58,1,0.871,5.012,88.0,4.0,5,403,14.7,85.8,12.12,2295
2.14918,0.0,19.58,0,0.871,5.709,98.5,4.1,5,403,14.7,65.5,15.79,2910
1.41385,0.0,19.58,1,0.871,6.129,96.0,4.4,5,403,14.7,80.3,15.12,2550
3.53501,0.0,19.58,1,0.871,6.152,82.6,4.4,5,403,14.7,22.0,15.02,2340
2.44668,0.0,19.58,0,0.871,5.272,94.0,4.3,5,403,14.7,22.2,16.14,1965
1.22358,0.0,19.58,0,0.605,6.943,97.4,4.7,5,403,14.7,90.9,4.59,6195
1.34284,0.0,19.58,0,0.605,6.066,100.0,4.4,5,403,14.7,88.5,6.43,3645
1.42502,0.0,19.58,0,0.871,6.51,100.0,4.4,5,403,14.7,91.1,7.39,3495
1.27346,0.0,19.58,1,0.605,6.25,92.6,4.5,5,403,14.7,84.7,5.5,4050
1.46336,0.0,19.58,0,0.605,7.489,90.8,4.9,5,403,14.7,93.6,1.73,7500
1.83377,0.0,19.58,1,0.605,7.802,98.2,5.1,5,403,14.7,97.4,1.92,7500
1.51902,0.0,19.58,1,0.605,8.375,93.9,5.4,5,403,14.7,97.1,3.32,7500
2.24236,0.0,19.58,0,0.605,5.854,91.8,6.1,5,403,14.7,98.8,11.64,3405
2.924,0.0,19.58,0,0.605,6.101,93.0,5.7,5,403,14.7,60.0,9.81,3750
2.01019,0.0,19.58,0,0.605,7.929,96.2,5.1,5,403,14.7,92.3,3.7,7500
1.80028,0.0,19.58,0,0.605,5.877,79.2,6.1,5,403,14.7,56.9,12.14,3570
2.3004,0.0,19.58,0,0.605,6.319,96.1,5.2,5,403,14.7,74.3,11.1,3570
2.44953,0.0,19.58,0,0.605,6.402,95.2,5.7,5,403,14.7,82.5,11.32,3345
1.20742,0.0,19.58,0,0.605,5.875,94.6,6.1,5,403,14.7,73.1,14.43,2610
2.3139,0.0,19.58,0,0.605,5.88,97.3,6.0,5,403,14.7,87.0,12.03,2865
0.13914,0.0,4.05,0,0.51,5.572,88.5,6.5,5,296,16.6,99.2,14.69,3465
0.09178,0.0,4.05,0,0.51,6.416,84.1,6.6,5,296,16.6,98.9,9.04,3540
0.08447,0.0,4.05,0,0.51,5.859,68.7,6.8,5,296,16.6,98.3,9.64,3390
0.06664,0.0,4.05,0,0.51,6.546,33.1,7.8,5,296,16.6,97.7,5.33,4410
0.07022,0.0,4.05,0,0.51,6.02,47.2,8.9,5,296,16.6,98.3,10.11,3480
0.05425,0.0,4.05,0,0.51,6.315,73.4,8.3,5,296,16.6,98.9,6.29,3690
0.06642,0.0,4.05,0,0.51,6.86,74.4,7.3,5,296,16.6,97.8,6.92,4485
0.0578,0.0,2.46,0,0.488,6.98,58.4,7.1,3,193,17.8,99.2,5.04,5580
0.06588,0.0,2.46,0,0.488,7.765,83.3,6.9,3,193,17.8,98.9,7.56,5970
0.06888,0.0,2.46,0,0.488,6.144,62.2,6.5,3,193,17.8,99.2,9.45,5430
0.09103,0.0,2.46,0,0.488,7.155,92.2,6.8,3,193,17.8,98.5,4.82,5685
0.10008,0.0,2.46,0,0.488,6.563,95.6,7.1,3,193,17.8,99.2,5.68,4875
0.08308,0.0,2.46,0,0.488,5.604,89.8,7.5,3,193,17.8,97.8,13.98,3960
0.06047,0.0,2.46,0,0.488,6.153,68.8,8.2,3,193,17.8,96.8,13.15,4440
0.05602,0.0,2.46,0,0.488,7.831,53.6,8.0,3,193,17.8,98.2,4.45,7500
0.07875,45.0,3.44,0,0.437,6.782,41.1,9.5,5,398,15.2,98.5,6.68,4800
0.12579,45.0,3.44,0,0.437,6.556,29.1,11.4,5,398,15.2,95.7,4.56,4470
0.0837,45.0,3.44,0,0.437,7.185,38.9,11.4,5,398,15.2,99.2,5.39,5235
0.09068,45.0,3.44,0,0.437,6.951,21.5,16.2,5,398,15.2,94.4,5.1,5550
0.06911,45.0,3.44,0,0.437,6.739,30.8,16.2,5,398,15.2,97.4,4.69,4575
0.08664,45.0,3.44,0,0.437,7.178,26.3,16.2,5,398,15.2,97.6,2.87,5460
0.02187,60.0,2.93,0,0.401,6.8,9.9,15.5,1,265,15.6,98.3,5.03,4665
0.01439,60.0,2.93,0,0.401,6.604,18.8,15.5,1,265,15.6,94.2,4.38,4365
0.01381,80.0,0.46,0,0.422,7.875,32.0,14.1,4,255,14.4,98.6,2.97,7500
0.04011,80.0,1.52,0,0.404,7.287,34.1,18.3,2,329,12.6,99.2,4.08,4995
0.04666,80.0,1.52,0,0.404,7.107,36.6,18.3,2,329,12.6,88.6,8.61,4545
0.03768,80.0,1.52,0,0.404,7.274,38.3,18.3,2,329,12.6,98.0,6.62,5190
0.0315,95.0,1.47,0,0.403,6.975,15.3,19.1,3,402,17.0,99.2,4.56,5235
0.01778,95.0,1.47,0,0.403,7.135,13.9,19.1,3,402,17.0,96.1,4.45,4935
0.03445,82.5,2.03,0,0.415,6.162,38.4,15.7,2,348,14.7,98.4,7.43,3615
0.02177,82.5,2.03,0,0.415,7.61,15.7,15.7,2,348,14.7,98.8,3.11,6345
0.0351,95.0,2.68,0,0.4161,7.853,33.2,12.8,4,224,14.7,98.2,3.81,7275
0.02009,95.0,2.68,0,0.4161,8.034,31.9,12.8,4,224,14.7,97.6,2.88,7500
0.13642,0.0,10.59,0,0.489,5.891,22.3,9.9,4,277,18.6,99.2,10.87,3390
0.22969,0.0,10.59,0,0.489,6.326,52.5,10.9,4,277,18.6,98.7,10.97,3660
0.25199,0.0,10.59,0,0.489,5.783,72.7,10.9,4,277,18.6,97.4,18.06,3375
0.13587,0.0,10.59,1,0.489,6.064,59.1,10.6,4,277,18.6,95.3,14.66,3660
0.43571,0.0,10.59,1,0.489,5.344,100.0,9.7,4,277,18.6,99.2,23.09,3000
0.17446,0.0,10.59,1,0.489,5.96,92.1,9.7,4,277,18.6,98.3,17.27,3255
0.37578,0.0,10.59,1,0.489,5.404,88.6,9.2,4,277,18.6,98.8,23.98,2895
0.21719,0.0,10.59,1,0.489,5.807,53.8,9.1,4,277,18.6,97.7,16.03,3360
0.14052,0.0,10.59,0,0.489,6.375,32.3,9.9,4,277,18.6,96.5,9.38,4215
0.28955,0.0,10.59,0,0.489,5.412,9.8,9.0,4,277,18.6,87.2,29.55,3555
0.19802,0.0,10.59,0,0.489,6.182,42.4,9.9,4,277,18.6,98.4,9.47,3750
0.0456,0.0,13.89,1,0.55,5.888,56.0,7.8,5,276,16.4,98.2,13.51,3495
0.07013,0.0,13.89,0,0.55,6.642,85.1,8.6,5,276,16.4,98.2,9.69,4305
0.11069,0.0,13.89,1,0.55,5.951,93.8,7.2,5,276,16.4,99.2,17.92,3225
0.11425,0.0,13.89,1,0.55,6.373,92.4,8.4,5,276,16.4,98.4,10.5,3450
0.35809,0.0,6.2,1,0.507,6.951,88.5,7.2,8,307,17.4,97.9,9.71,4005
0.40771,0.0,6.2,1,0.507,6.164,91.3,7.6,8,307,17.4,98.8,21.46,3255
0.62356,0.0,6.2,1,0.507,6.879,77.7,8.2,8,307,17.4,97.6,9.93,4125
0.6147,0.0,6.2,0,0.507,6.618,80.8,8.2,8,307,17.4,99.2,7.6,4515
0.31533,0.0,6.2,0,0.504,8.266,78.3,7.2,8,307,17.4,96.3,4.14,6720
0.52693,0.0,6.2,0,0.504,8.725,83.0,7.2,8,307,17.4,95.5,4.63,7500
0.38214,0.0,6.2,0,0.504,8.04,86.5,8.0,8,307,17.4,96.8,3.13,5640
0.41238,0.0,6.2,0,0.504,7.163,79.9,8.0,8,307,17.4,93.0,6.36,4740
0.29819,0.0,6.2,0,0.504,7.686,17.0,8.4,8,307,17.4,94.4,3.92,7005
0.44178,0.0,6.2,0,0.504,6.552,21.4,8.4,8,307,17.4,95.1,3.76,4725
0.537,0.0,6.2,0,0.504,5.981,68.1,9.2,8,307,17.4,94.6,11.65,3645
0.46296,0.0,6.2,0,0.504,7.412,76.9,9.2,8,307,17.4,94.0,5.25,4755
0.57529,0.0,6.2,0,0.507,8.337,73.3,9.6,8,307,17.4,96.5,2.47,6255
0.33147,0.0,6.2,0,0.507,8.247,70.4,9.1,8,307,17.4,94.7,3.95,7245
0.44791,0.0,6.2,1,0.507,6.726,66.5,9.1,8,307,17.4,90.0,8.05,4350
0.33045,0.0,6.2,0,0.507,6.086,61.5,9.1,8,307,17.4,94.2,10.88,3600
0.52058,0.0,6.2,1,0.507,6.631,76.5,10.4,8,307,17.4,97.1,9.54,3765
0.51183,0.0,6.2,0,0.507,7.358,71.6,10.4,8,307,17.4,97.5,4.73,4725
0.08244,30.0,4.93,0,0.428,6.481,18.5,15.5,6,300,16.6,94.9,6.36,3555
0.09252,30.0,4.93,0,0.428,6.606,42.2,15.5,6,300,16.6,95.9,7.37,3495
0.11329,30.0,4.93,0,0.428,6.897,54.3,15.8,6,300,16.6,97.8,11.38,3300
0.10612,30.0,4.93,0,0.428,6.095,65.1,15.8,6,300,16.6,98.7,12.4,3015
0.1029,30.0,4.93,0,0.428,6.358,52.9,17.6,6,300,16.6,93.2,11.22,3330
0.12757,30.0,4.93,0,0.428,6.393,7.8,17.6,6,300,16.6,93.7,5.19,3555
0.20608,22.0,5.86,0,0.431,5.593,76.5,19.9,7,330,19.1,93.1,12.5,2640
0.19133,22.0,5.86,0,0.431,5.605,70.2,19.9,7,330,19.1,97.3,18.46,2775
0.33983,22.0,5.86,0,0.431,6.108,34.9,20.1,7,330,19.1,97.5,9.16,3645
0.19657,22.0,5.86,0,0.431,6.226,79.2,20.1,7,330,19.1,94.0,10.15,3075
0.16439,22.0,5.86,0,0.431,6.433,49.1,19.6,7,330,19.1,93.7,9.52,3675
0.19073,22.0,5.86,0,0.431,6.718,17.5,19.6,7,330,19.1,98.4,6.56,3930
0.1403,22.0,5.86,0,0.431,6.487,13.0,18.5,7,330,19.1,99.1,5.9,3660
0.21409,22.0,5.86,0,0.431,6.438,8.9,18.5,7,330,19.1,94.3,3.59,3720
0.08221,22.0,5.86,0,0.431,6.957,6.8,22.3,7,330,19.1,96.5,3.53,4440
0.36894,22.0,5.86,0,0.431,8.259,8.4,22.3,7,330,19.1,99.2,3.54,6420
0.04819,80.0,3.64,0,0.392,6.108,32.0,23.1,1,315,16.4,98.2,6.57,3285
0.03548,80.0,3.64,0,0.392,5.876,19.1,23.1,1,315,16.4,98.8,9.25,3135
0.01538,90.0,3.75,0,0.394,7.454,34.2,15.8,3,244,15.9,96.6,3.11,6600
0.61154,20.0,3.97,0,0.647,8.704,86.9,4.5,5,264,13.0,97.4,5.12,7500
0.66351,20.0,3.97,0,0.647,7.333,100.0,4.7,5,264,13.0,95.8,7.79,5400
0.65665,20.0,3.97,0,0.647,6.842,100.0,5.0,5,264,13.0,98.0,6.9,4515
0.54011,20.0,3.97,0,0.647,7.203,81.8,5.3,5,264,13.0,98.2,9.59,5070
0.53412,20.0,3.97,0,0.647,7.52,89.4,5.3,5,264,13.0,97.1,7.26,6465
0.52014,20.0,3.97,0,0.647,8.398,91.5,5.7,5,264,13.0,96.7,5.91,7320
0.82526,20.0,3.97,0,0.647,7.327,94.5,5.2,5,264,13.0,98.4,11.25,4650
0.55007,20.0,3.97,0,0.647,7.206,91.6,4.8,5,264,13.0,97.0,8.1,5475
0.76162,20.0,3.97,0,0.647,5.56,62.8,5.0,5,264,13.0,98.1,10.45,3420
0.7857,20.0,3.97,0,0.647,7.014,84.6,5.3,5,264,13.0,96.0,14.79,4605
0.57834,20.0,3.97,0,0.575,8.297,67.0,6.1,5,264,13.0,96.1,7.44,7500
0.5405,20.0,3.97,0,0.575,7.47,52.6,7.2,5,264,13.0,97.6,3.16,6525
0.09065,20.0,6.96,1,0.464,5.92,61.5,9.8,3,223,18.6,97.8,13.65,3105
0.29916,20.0,6.96,0,0.464,5.856,42.1,11.1,3,223,18.6,97.2,13.0,3165
0.16211,20.0,6.96,0,0.464,6.24,16.3,11.1,3,223,18.6,99.2,6.59,3780
0.1146,20.0,6.96,0,0.464,6.538,58.7,9.8,3,223,18.6,98.7,7.73,3660
0.22188,20.0,6.96,1,0.464,7.691,51.8,10.9,3,223,18.6,97.7,6.58,5280
0.05644,40.0,6.41,1,0.447,6.758,32.9,10.2,4,254,17.6,99.2,3.53,4860
0.09604,40.0,6.41,0,0.447,6.854,42.8,10.7,4,254,17.6,99.2,2.98,4800
0.10469,40.0,6.41,1,0.447,7.267,49.0,12.0,4,254,17.6,97.3,6.05,4980
0.06127,40.0,6.41,1,0.447,6.826,27.6,12.2,4,254,17.6,98.4,4.16,4965
0.07978,40.0,6.41,0,0.447,6.482,32.1,10.4,4,254,17.6,99.2,7.19,4365
0.21038,20.0,3.33,0,0.4429,6.812,32.2,10.3,5,216,14.9,99.2,4.85,5265
0.03578,20.0,3.33,0,0.4429,7.82,64.5,11.7,5,216,14.9,96.8,3.76,6810
0.03705,20.0,3.33,0,0.4429,6.968,37.2,13.1,5,216,14.9,98.1,4.59,5310
0.06129,20.0,3.33,1,0.4429,7.645,49.7,13.0,5,216,14.9,94.3,3.01,6900
0.01501,90.0,1.21,1,0.401,7.923,24.8,14.7,1,198,13.6,98.9,3.16,7500
0.00906,90.0,2.97,0,0.4,7.088,20.8,18.3,1,285,15.3,98.7,7.85,4830
0.01096,55.0,2.25,0,0.389,6.453,31.9,18.3,1,300,15.3,98.7,8.23,3300
0.01965,80.0,1.76,0,0.385,6.23,31.5,22.7,1,241,18.2,85.4,12.93,3015
0.03871,52.5,5.32,0,0.405,6.209,31.3,18.3,6,293,16.6,99.2,7.14,3480
0.0459,52.5,5.32,0,0.405,6.315,45.6,18.3,6,293,16.6,99.2,7.6,3345
0.04297,52.5,5.32,0,0.405,6.565,22.9,18.3,6,293,16.6,92.9,9.51,3720
0.03502,80.0,4.95,0,0.411,6.861,27.9,12.8,4,245,19.2,99.2,3.33,4275
0.07886,80.0,4.95,0,0.411,7.148,27.7,12.8,4,245,19.2,99.2,3.56,5595
0.03615,80.0,4.95,0,0.411,6.63,23.4,12.8,4,245,19.2,99.2,4.7,4185
0.08265,0.0,13.92,0,0.437,6.127,18.4,13.8,4,289,16.0,99.2,8.58,3585
0.08199,0.0,13.92,0,0.437,6.009,42.3,13.8,4,289,16.0,99.2,10.4,3255
0.12932,0.0,13.92,0,0.437,6.678,31.1,14.9,4,289,16.0,99.2,6.27,4290
0.05372,0.0,13.92,0,0.437,6.549,51.0,14.9,4,289,16.0,98.2,7.39,4065
0.14103,0.0,13.92,0,0.437,5.79,58.0,15.8,4,289,16.0,99.2,15.84,3045
0.06466,70.0,2.24,0,0.4,6.345,20.1,19.6,5,358,14.8,92.1,4.97,3375
0.05561,70.0,2.24,0,0.4,7.041,10.0,19.6,5,358,14.8,92.9,4.74,4350
0.04417,70.0,2.24,0,0.4,6.871,47.4,19.6,5,358,14.8,97.7,6.07,3720
0.03537,34.0,6.09,0,0.433,6.59,40.4,13.7,7,329,16.1,98.9,9.5,3300
0.09266,34.0,6.09,0,0.433,6.495,18.4,13.7,7,329,16.1,95.9,8.67,3960
0.1,34.0,6.09,0,0.433,6.982,17.7,13.7,7,329,16.1,97.6,4.86,4965
0.05515,33.0,2.18,0,0.472,7.236,41.1,10.1,7,222,18.4,98.4,6.93,5415
0.05479,33.0,2.18,0,0.472,6.616,58.1,8.4,7,222,18.4,98.3,8.93,4260
0.07503,33.0,2.18,0,0.472,7.42,71.9,7.7,7,222,18.4,99.2,6.47,5010
0.04932,33.0,2.18,0,0.472,6.849,70.3,8.0,7,222,18.4,99.2,7.53,4230
0.49298,0.0,9.9,0,0.544,6.635,82.5,8.3,4,304,18.4,99.2,4.54,3420
0.3494,0.0,9.9,0,0.544,5.972,76.7,7.8,4,304,18.4,99.1,9.97,3045
2.63548,0.0,9.9,0,0.544,4.973,37.8,6.3,4,304,18.4,87.6,12.64,2415
0.79041,0.0,9.9,0,0.544,6.122,52.8,6.6,4,304,18.4,99.2,5.98,3315
0.26169,0.0,9.9,0,0.544,6.023,90.4,7.1,4,304,18.4,99.1,11.72,2910
0.26938,0.0,9.9,0,0.544,6.266,82.8,8.2,4,304,18.4,98.3,7.9,3240
0.3692,0.0,9.9,0,0.544,6.567,87.3,9.0,4,304,18.4,98.9,9.28,3570
0.25356,0.0,9.9,0,0.544,5.705,77.7,9.9,4,304,18.4,99.1,11.5,2430
0.31827,0.0,9.9,0,0.544,5.914,83.2,10.0,4,304,18.4,97.7,18.33,2670
0.24522,0.0,9.9,0,0.544,5.782,71.7,10.1,4,304,18.4,99.2,15.94,2970
0.40202,0.0,9.9,0,0.544,6.382,67.2,8.8,4,304,18.4,98.8,10.36,3465
0.47547,0.0,9.9,0,0.544,6.113,58.8,10.0,4,304,18.4,99.1,12.73,3150
0.1676,0.0,7.38,0,0.493,6.426,52.3,11.4,5,287,19.6,99.2,7.2,3570
0.18159,0.0,7.38,0,0.493,6.376,54.3,11.4,5,287,19.6,99.2,6.87,3465
0.35114,0.0,7.38,0,0.493,6.041,49.9,11.8,5,287,19.6,99.2,7.7,3060
0.28392,0.0,7.38,0,0.493,5.708,74.3,11.8,5,287,19.6,97.8,11.74,2775
0.34109,0.0,7.38,0,0.493,6.415,40.1,11.8,5,287,19.6,99.2,6.12,3750
0.19186,0.0,7.38,0,0.493,6.431,14.7,13.5,5,287,19.6,98.4,5.08,3690
0.30347,0.0,7.38,0,0.493,6.312,28.9,13.5,5,287,19.6,99.2,6.15,3450
0.24103,0.0,7.38,0,0.493,6.083,43.7,13.5,5,287,19.6,99.2,12.79,3330
0.06617,0.0,3.24,0,0.46,5.868,25.8,13.0,4,430,16.9,95.6,9.97,2895
0.06724,0.0,3.24,0,0.46,6.333,17.2,13.0,4,430,16.9,93.8,7.34,3390
0.04544,0.0,3.24,0,0.46,6.144,32.2,14.7,4,430,16.9,92.1,9.09,2970
0.05023,35.0,6.06,0,0.4379,5.706,28.4,16.6,1,304,16.9,98.5,12.43,2565
0.03466,35.0,6.06,0,0.4379,6.031,23.3,16.6,1,304,16.9,90.6,7.83,2910
0.05083,0.0,5.19,0,0.515,6.316,38.1,16.1,5,224,20.2,97.4,5.68,3330
0.03738,0.0,5.19,0,0.515,6.31,38.5,16.1,5,224,20.2,97.4,6.75,3105
0.03961,0.0,5.19,0,0.515,6.037,34.5,15.0,5,224,20.2,99.2,8.01,3165
0.03427,0.0,5.19,0,0.515,5.869,46.3,13.1,5,224,20.2,99.2,9.8,2925
0.03041,0.0,5.19,0,0.515,5.895,59.6,14.0,5,224,20.2,98.7,10.56,2775
0.03306,0.0,5.19,0,0.515,6.059,37.3,12.0,5,224,20.2,99.0,8.51,3090
0.05497,0.0,5.19,0,0.515,5.985,45.4,12.0,5,224,20.2,99.2,9.74,2850
0.06151,0.0,5.19,0,0.515,5.968,58.5,12.0,5,224,20.2,99.2,9.29,2805
0.01301,35.0,1.52,0,0.442,7.241,49.3,17.6,1,284,15.5,98.7,5.49,4905
0.02498,0.0,1.89,0,0.518,6.54,59.7,15.7,1,422,15.9,97.5,8.65,2475
0.02543,55.0,3.78,0,0.484,6.696,56.4,14.3,5,370,17.6,99.2,7.18,3585
0.03049,55.0,3.78,0,0.484,6.874,28.1,16.2,5,370,17.6,97.0,4.61,4680
0.03113,0.0,4.39,0,0.442,6.014,48.5,20.0,3,352,18.8,96.4,10.53,2625
0.06162,0.0,4.39,0,0.442,5.898,52.3,20.0,3,352,18.8,91.2,12.67,2580
0.0187,85.0,4.15,0,0.429,6.516,27.7,21.3,4,351,17.9,98.1,6.36,3465
0.01501,80.0,2.01,0,0.435,6.635,29.7,20.9,4,280,17.0,97.7,5.99,3675
0.02899,40.0,1.25,0,0.429,6.939,34.5,22.0,1,335,19.7,97.5,5.89,3990
0.06211,40.0,1.25,0,0.429,6.49,44.4,22.0,1,335,19.7,99.2,5.98,3435
0.0795,60.0,1.69,0,0.411,6.579,35.9,26.8,4,411,18.3,92.7,5.49,3615
0.07244,60.0,1.69,0,0.411,5.884,18.5,26.8,4,411,18.3,98.1,7.79,2790
0.01709,90.0,2.02,0,0.41,6.728,36.1,30.3,5,187,17.0,96.1,4.5,4515
0.04301,80.0,1.91,0,0.413,5.663,21.9,26.5,4,334,22.0,95.7,8.05,2730
0.10659,80.0,1.91,0,0.413,5.936,19.5,26.5,4,334,22.0,94.0,5.57,3090
8.98296,0.0,18.1,1,0.77,6.212,97.4,5.3,24,666,20.2,94.4,17.6,2670
3.8497,0.0,18.1,1,0.77,6.395,91.0,6.3,24,666,20.2,97.8,13.27,3255
5.20177,0.0,18.1,1,0.77,6.127,83.4,6.8,24,666,20.2,98.9,11.48,3405
4.26131,0.0,18.1,0,0.77,6.112,81.3,6.3,24,666,20.2,97.7,12.67,3390
4.54192,0.0,18.1,0,0.77,6.398,88.0,6.3,24,666,20.2,93.6,7.79,3750
3.83684,0.0,18.1,0,0.77,6.251,91.1,5.7,24,666,20.2,87.7,14.19,2985
3.67822,0.0,18.1,0,0.77,5.362,96.2,5.3,24,666,20.2,95.2,10.19,3120
4.22239,0.0,18.1,1,0.77,5.803,89.0,4.8,24,666,20.2,88.3,14.64,2520
3.47428,0.0,18.1,1,0.718,8.78,82.9,4.8,24,666,20.2,88.6,5.29,3285
4.55587,0.0,18.1,0,0.718,3.561,87.9,4.0,24,666,20.2,88.7,7.12,4125
3.69695,0.0,18.1,0,0.718,4.963,91.4,4.4,24,666,20.2,79.0,14.0,3285
13.5222,0.0,18.1,0,0.631,3.863,100.0,3.8,24,666,20.2,32.9,13.33,3465
4.89822,0.0,18.1,0,0.631,4.97,100.0,3.3,24,666,20.2,93.9,3.26,7500
5.66998,0.0,18.1,1,0.631,6.683,96.8,3.4,24,666,20.2,93.8,3.73,7500
6.53876,0.0,18.1,1,0.631,7.016,97.5,3.0,24,666,20.2,98.0,2.96,7500
9.2323,0.0,18.1,0,0.631,6.216,100.0,2.9,24,666,20.2,91.5,9.53,7500
8.26725,0.0,18.1,1,0.668,5.875,89.6,2.8,24,666,20.2,87.0,8.88,7500
11.1081,0.0,18.1,0,0.668,4.906,100.0,2.9,24,666,20.2,99.2,34.77,2070
18.4982,0.0,18.1,0,0.668,4.138,100.0,2.8,24,666,20.2,99.2,37.97,2070
19.6091,0.0,18.1,0,0.671,7.313,97.9,3.3,24,666,20.2,99.2,13.44,2250
15.288,0.0,18.1,0,0.671,6.649,93.3,3.4,24,666,20.2,90.8,23.24,2085
9.82349,0.0,18.1,0,0.671,6.794,98.8,3.4,24,666,20.2,99.2,21.24,1995
23.6482,0.0,18.1,0,0.671,6.38,96.2,3.5,24,666,20.2,99.2,23.69,1965
17.8667,0.0,18.1,0,0.671,6.223,100.0,3.5,24,666,20.2,98.4,21.78,1530
88.9762,0.0,18.1,0,0.671,6.968,91.9,3.5,24,666,20.2,99.2,17.21,1560
15.8744,0.0,18.1,0,0.671,6.545,99.1,3.8,24,666,20.2,99.2,21.08,1635
9.18702,0.0,18.1,0,0.7,5.536,100.0,4.0,24,666,20.2,99.2,23.6,1695
7.99248,0.0,18.1,0,0.7,5.52,100.0,3.8,24,666,20.2,99.2,24.56,1845
20.0849,0.0,18.1,0,0.7,4.368,91.2,3.6,24,666,20.2,71.5,30.63,1320
16.8118,0.0,18.1,0,0.7,5.277,98.1,3.6,24,666,20.2,99.2,30.81,1080
24.3938,0.0,18.1,0,0.7,4.652,100.0,3.7,24,666,20.2,99.2,28.28,1575
22.5971,0.0,18.1,0,0.7,5.0,89.5,3.8,24,666,20.2,99.2,31.99,1110
14.3337,0.0,18.1,0,0.7,4.88,100.0,4.0,24,666,20.2,93.2,30.62,1530
8.15174,0.0,18.1,0,0.7,5.39,98.9,4.3,24,666,20.2,99.2,20.85,1725
6.96215,0.0,18.1,0,0.7,5.713,97.0,4.8,24,666,20.2,98.6,17.11,2265
5.29305,0.0,18.1,0,0.7,6.051,82.5,5.4,24,666,20.2,94.6,18.76,3480
11.5779,0.0,18.1,0,0.7,5.036,97.0,4.4,24,666,20.2,99.2,25.68,1455
8.64476,0.0,18.1,0,0.693,6.193,92.6,4.5,24,666,20.2,99.2,15.17,2070
13.3598,0.0,18.1,0,0.693,5.887,94.7,4.5,24,666,20.2,99.2,16.35,1905
8.71675,0.0,18.1,0,0.693,6.471,98.8,4.3,24,666,20.2,98.0,17.12,1965
5.87205,0.0,18.1,0,0.693,6.405,96.0,4.2,24,666,20.2,99.2,19.37,1875
7.67202,0.0,18.1,0,0.693,5.747,98.9,4.1,24,666,20.2,98.3,19.92,1275
38.3518,0.0,18.1,0,0.693,5.453,100.0,3.7,24,666,20.2,99.2,30.59,750
9.91655,0.0,18.1,0,0.693,5.852,77.8,3.8,24,666,20.2,84.5,29.97,945
25.0461,0.0,18.1,0,0.693,5.987,100.0,4.0,24,666,20.2,99.2,26.77,840
14.2362,0.0,18.1,0,0.693,6.343,100.0,3.9,24,666,20.2,99.2,20.32,1080
9.59571,0.0,18.1,0,0.693,6.404,100.0,4.1,24,666,20.2,94.0,20.31,1815
24.8017,0.0,18.1,0,0.693,5.349,96.0,4.3,24,666,20.2,99.2,19.77,1245
41.5292,0.0,18.1,0,0.693,5.531,85.4,4.0,24,666,20.2,82.4,27.38,1275
67.9208,0.0,18.1,0,0.693,5.683,100.0,3.6,24,666,20.2,96.2,22.98,750
20.7162,0.0,18.1,0,0.659,4.138,100.0,2.9,24,666,20.2,92.6,23.34,1785
11.9511,0.0,18.1,0,0.659,5.608,100.0,3.2,24,666,20.2,83.0,12.13,4185
7.40389,0.0,18.1,0,0.597,5.617,97.9,3.6,24,666,20.2,78.7,26.4,2580
14.4383,0.0,18.1,0,0.597,6.852,100.0,3.7,24,666,20.2,44.8,19.78,4125
51.1358,0.0,18.1,0,0.597,5.757,100.0,3.5,24,666,20.2,0.6,10.11,2250
14.0507,0.0,18.1,0,0.597,6.657,100.0,3.8,24,666,20.2,8.8,21.22,2580
18.811,0.0,18.1,0,0.597,4.628,100.0,3.9,24,666,20.2,7.2,34.37,2685
28.6558,0.0,18.1,0,0.597,5.155,100.0,4.0,24,666,20.2,52.7,20.08,2445
45.7461,0.0,18.1,0,0.693,4.519,100.0,4.1,24,666,20.2,22.1,36.98,1050
18.0846,0.0,18.1,0,0.679,6.434,100.0,4.6,24,666,20.2,6.8,29.05,1080
10.8342,0.0,18.1,0,0.679,6.782,90.8,4.5,24,666,20.2,5.4,25.79,1125
25.9406,0.0,18.1,0,0.679,5.304,89.1,4.1,24,666,20.2,31.8,26.64,1560
73.5341,0.0,18.1,0,0.679,5.957,100.0,4.5,24,666,20.2,4.1,20.62,1320
11.8123,0.0,18.1,0,0.718,6.824,76.5,4.5,24,666,20.2,12.1,22.74,1260
11.0874,0.0,18.1,0,0.718,6.411,100.0,4.6,24,666,20.2,79.7,15.02,2505
7.02259,0.0,18.1,0,0.718,6.006,95.3,4.7,24,666,20.2,80.0,15.7,2130
12.0482,0.0,18.1,0,0.614,5.648,87.6,4.9,24,666,20.2,72.9,14.1,3120
7.05042,0.0,18.1,0,0.614,6.103,85.1,5.1,24,666,20.2,0.6,23.29,2010
8.79212,0.0,18.1,0,0.584,5.565,70.6,5.2,24,666,20.2,0.9,17.16,1755
15.8603,0.0,18.1,0,0.679,5.896,95.4,4.8,24,666,20.2,1.9,24.39,1245
12.2472,0.0,18.1,0,0.584,5.837,59.7,5.0,24,666,20.2,6.2,15.69,1530
37.6619,0.0,18.1,0,0.679,6.202,78.7,4.7,24,666,20.2,4.7,14.52,1635
7.36711,0.0,18.1,0,0.679,6.193,78.1,4.8,24,666,20.2,24.2,21.52,1650
9.33889,0.0,18.1,0,0.679,6.38,95.6,4.9,24,666,20.2,15.2,24.08,1425
8.49213,0.0,18.1,0,0.584,6.348,86.1,5.1,24,666,20.2,20.9,17.64,2175
10.0623,0.0,18.1,0,0.584,6.833,94.3,5.2,24,666,20.2,20.3,19.69,2115
6.44405,0.0,18.1,0,0.584,6.425,74.8,5.5,24,666,20.2,24.5,12.03,2415
5.58107,0.0,18.1,0,0.713,6.436,87.9,5.8,24,666,20.2,25.0,16.22,2145
13.9134,0.0,18.1,0,0.713,6.208,95.0,5.6,24,666,20.2,25.2,15.17,1755
11.1604,0.0,18.1,0,0.74,6.629,94.6,5.3,24,666,20.2,27.5,23.27,2010
14.4208,0.0,18.1,0,0.74,6.461,93.3,5.0,24,666,20.2,6.9,18.05,1440
15.1772,0.0,18.1,0,0.74,6.152,100.0,4.8,24,666,20.2,2.3,26.45,1305
13.6781,0.0,18.1,0,0.74,5.935,87.9,4.6,24,666,20.2,17.2,34.02,1260
9.39063,0.0,18.1,0,0.74,5.627,93.9,4.5,24,666,20.2,99.2,22.88,1920
22.0511,0.0,18.1,0,0.74,5.818,92.4,4.7,24,666,20.2,97.9,22.11,1575
9.72418,0.0,18.1,0,0.74,6.406,97.2,5.2,24,666,20.2,96.5,19.52,2565
5.66637,0.0,18.1,0,0.74,6.219,100.0,5.0,24,666,20.2,98.9,16.59,2760
9.96654,0.0,18.1,0,0.74,6.485,100.0,4.9,24,666,20.2,96.7,18.85,2310
12.8023,0.0,18.1,0,0.74,5.854,96.6,4.7,24,666,20.2,60.1,23.79,1620
10.6718,0.0,18.1,0,0.74,6.459,94.8,5.0,24,666,20.2,10.8,23.98,1770
6.28807,0.0,18.1,0,0.74,6.341,96.4,5.2,24,666,20.2,79.5,17.79,2235
9.92485,0.0,18.1,0,0.74,6.251,96.6,5.5,24,666,20.2,97.1,16.44,1890
9.32909,0.0,18.1,0,0.713,6.185,98.7,5.7,24,666,20.2,99.2,18.13,2115
7.52601,0.0,18.1,0,0.713,6.417,98.3,5.5,24,666,20.2,76.1,19.31,1950
6.71772,0.0,18.1,0,0.713,6.749,92.6,5.8,24,666,20.2,0.1,17.44,2010
5.44114,0.0,18.1,0,0.713,6.655,98.2,5.9,24,666,20.2,88.8,17.73,2280
5.09017,0.0,18.1,0,0.713,6.297,91.8,5.9,24,666,20.2,96.3,17.27,2415
8.24809,0.0,18.1,0,0.713,7.393,99.3,6.1,24,666,20.2,94.0,16.74,2670
9.51363,0.0,18.1,0,0.713,6.728,94.1,6.2,24,666,20.2,1.7,18.71,2235
4.75237,0.0,18.1,0,0.713,6.525,86.5,6.1,24,666,20.2,12.7,18.13,2115
4.66883,0.0,18.1,0,0.713,5.976,87.9,6.5,24,666,20.2,2.6,19.01,1905
8.20058,0.0,18.1,0,0.713,5.936,80.3,6.9,24,666,20.2,0.9,16.94,2025
7.75223,0.0,18.1,0,0.713,6.301,83.7,7.0,24,666,20.2,68.1,16.23,2235
6.80117,0.0,18.1,0,0.713,6.081,84.4,6.8,24,666,20.2,99.2,14.7,3000
4.81213,0.0,18.1,0,0.713,6.701,90.0,6.5,24,666,20.2,63.8,16.42,2460
3.69311,0.0,18.1,0,0.713,6.376,88.4,6.4,24,666,20.2,97.9,14.65,2655
6.65492,0.0,18.1,0,0.713,6.317,83.0,6.8,24,666,20.2,99.2,13.99,2925
5.82115,0.0,18.1,0,0.713,6.513,89.9,7.0,24,666,20.2,98.5,10.29,3030
7.83932,0.0,18.1,0,0.655,6.209,65.4,7.4,24,666,20.2,99.2,13.22,3210
3.1636,0.0,18.1,0,0.655,5.759,48.2,7.7,24,666,20.2,83.6,14.13,2985
3.77498,0.0,18.1,0,0.655,5.952,84.7,7.2,24,666,20.2,5.5,17.15,2850
4.42228,0.0,18.1,0,0.584,6.003,94.5,6.4,24,666,20.2,82.8,21.32,2865
15.5757,0.0,18.1,0,0.58,5.926,71.0,7.3,24,666,20.2,92.2,18.13,2865
13.0751,0.0,18.1,0,0.58,5.713,56.7,7.1,24,666,20.2,99.2,14.76,3015
4.34879,0.0,18.1,0,0.58,6.167,84.0,7.6,24,666,20.2,99.2,16.29,2985
4.03841,0.0,18.1,0,0.532,6.229,90.7,7.7,24,666,20.2,98.8,12.87,2940
3.56868,0.0,18.1,0,0.58,6.437,75.0,7.2,24,666,20.2,98.3,14.36,3480
4.64689,0.0,18.1,0,0.614,6.98,67.6,6.3,24,666,20.2,93.7,11.66,4470
8.05579,0.0,18.1,0,0.584,5.427,95.4,6.1,24,666,20.2,88.1,18.14,2070
6.39312,0.0,18.1,0,0.584,6.162,97.4,5.5,24,666,20.2,75.7,24.1,1995
4.87141,0.0,18.1,0,0.614,6.484,93.6,5.8,24,666,20.2,99.1,18.68,2505
15.0234,0.0,18.1,0,0.614,5.304,97.3,5.3,24,666,20.2,87.4,24.91,1800
10.233,0.0,18.1,0,0.614,6.185,96.7,5.4,24,666,20.2,94.9,18.03,2190
14.3337,0.0,18.1,0,0.614,6.229,88.0,4.9,24,666,20.2,95.8,13.11,3210
5.82401,0.0,18.1,0,0.532,6.242,64.7,8.6,24,666,20.2,99.2,10.74,3450
5.70818,0.0,18.1,0,0.532,6.75,74.9,8.3,24,666,20.2,98.3,7.74,3555
5.73116,0.0,18.1,0,0.532,7.061,77.0,8.5,24,666,20.2,98.8,7.01,3750
2.81838,0.0,18.1,0,0.532,5.762,40.3,10.2,24,666,20.2,98.2,10.42,3270
2.37857,0.0,18.1,0,0.583,5.871,41.9,9.3,24,666,20.2,92.7,13.34,3090
3.67367,0.0,18.1,0,0.583,6.312,51.9,10.0,24,666,20.2,97.2,10.58,3180
5.69175,0.0,18.1,0,0.583,6.114,79.8,8.9,24,666,20.2,98.2,14.98,2865
4.83567,0.0,18.1,0,0.583,5.905,53.2,7.9,24,666,20.2,97.1,11.45,3090
0.15086,0.0,27.74,0,0.609,5.454,92.7,4.6,4,711,20.1,98.8,18.06,2280
0.18337,0.0,27.74,0,0.609,5.414,98.3,4.4,4,711,20.1,86.0,23.97,1050
0.20746,0.0,27.74,0,0.609,5.093,98.0,4.6,4,711,20.1,79.6,29.68,1215
0.10574,0.0,27.74,0,0.609,5.983,98.8,4.7,4,711,20.1,97.5,18.07,2040
0.11132,0.0,27.74,0,0.609,5.983,83.5,5.3,4,711,20.1,99.2,13.35,3015
0.17331,0.0,9.69,0,0.585,5.707,54.0,6.0,6,391,19.2,99.2,12.01,3270
0.27957,0.0,9.69,0,0.585,5.926,42.6,6.0,6,391,19.2,99.2,13.59,3675
0.17899,0.0,9.69,0,0.585,5.67,28.8,7.0,6,391,19.2,98.3,17.6,3465
0.2896,0.0,9.69,0,0.585,5.39,72.9,7.0,6,391,19.2,99.2,21.14,2955
0.26838,0.0,9.69,0,0.585,5.794,70.6,7.2,6,391,19.2,99.2,14.1,2745
0.23912,0.0,9.69,0,0.585,6.019,65.3,6.0,6,391,19.2,99.2,12.92,3180
0.17783,0.0,9.69,0,0.585,5.569,73.5,6.0,6,391,19.2,98.9,15.1,2625
0.22438,0.0,9.69,0,0.585,6.027,79.7,6.2,6,391,19.2,99.2,14.33,2520
0.06263,0.0,11.93,0,0.573,6.593,69.1,6.2,1,273,21.0,98.0,9.67,3360
0.04527,0.0,11.93,0,0.573,6.12,76.7,5.7,1,273,21.0,99.2,9.08,3090
0.06076,0.0,11.93,0,0.573,6.976,91.0,5.4,1,273,21.0,99.2,5.64,3585
0.10959,0.0,11.93,0,0.573,6.794,89.3,6.0,1,273,21.0,98.4,6.48,3300
0.04741,0.0,11.93,0,0.573,6.03,80.8,6.3,1,273,21.0,99.2,7.88,1785
